ID,name,email,phone,website,country_code
401AB,Global Events Ltd,info@globalevents.com,+1-202-555-0147,www.globalevents.com,US
402BC,Sunrise Entertainment,contact@sunriseent.com,+91-98234-56123,www.sunriseent.com,IN
403CD,Elite Productions,hello@eliteprod.co,+44-7700-900123,www.eliteprod.co,UK
404DE,BlueWave Media,support@bluewave.media,+61-412-500-200,www.bluewave.media,AU
405EF,NextGen Events,team@nextgenevents.com,+1-310-555-2290,www.nextgenevents.com,US
406FG,Star Event Group,info@stareventgroup.org,+91-90765-43210,www.stareventgroup.org,IN
407GH,MegaShow Planners,admin@megashow.com,+1-415-555-3399,www.megashow.com,US
408HI,Inspire Conferences,contact@inspireconf.net,+49-1520-555100,www.inspireconf.net,DE
409IJ,Galaxy Exhibitions,mail@galaxyexpo.co,+33-650-112233,www.galaxyexpo.co,FR
410JK,PrimeStage Events,office@primestage.com,+1-202-555-8841,www.primestage.com,US
411KL,Creative Minds Org,info@creativeminds.org,+91-99887-66554,www.creativeminds.org,IN
412LM,WorldClass Events,contact@wcevents.global,+81-70-1234-5678,www.wcevents.global,JP
413MN,ProConnect Planners,support@proconnect.io,+1-617-555-9400,www.proconnect.io,US
414NO,Stellar Exhibits,hello@stellarexhibits.com,+61-488-123-555,www.stellarexhibits.com,AU
415OP,EventNest Solutions,team@eventnest.io,+91-90909-11223,www.eventnest.io,IN
416PQ,SilverLine Productions,mail@silverlinepro.com,+1-503-555-7210,www.silverlinepro.com,US
417QR,OpenSky Events,contact@opensky.events,+971-50-1234567,www.opensky.events,AE
418RS,Matrix Event House,info@matrixevents.net,+55-21-99876-5432,www.matrixevents.net,BR
419ST,LivePro Management,office@livepro.co,+27-62-445-7820,www.livepro.co,ZA
420TU,UltraWave Creations,hello@ultrawave.com,+1-646-555-1120,www.ultrawave.com,US
