ID,subject,account_ID,invoiceDate,dueDate,totalAmount,status_code,createdAt,createdBy,modifiedAt,modifiedBy
inv550e8400-e29b-41d4-a716-446655440001,Invoice 01,ac001,2024-01-05,2024-02-05,118000,DRAFT,2024-01-05T08:00:00Z,system,2024-01-05T08:00:00Z,system
inv550e8400-e29b-41d4-a716-446655440002,Invoice 02,ac002,2024-01-06,2024-02-06,129800,SENT,2024-01-06T08:01:00Z,system,2024-01-06T08:01:00Z,system
inv550e8400-e29b-41d4-a716-446655440003,Invoice 03,ac003,2024-01-07,2024-02-07,141600,PAID,2024-01-07T08:02:00Z,system,2024-01-07T08:02:00Z,system
inv550e8400-e29b-41d4-a716-446655440004,Invoice 04,ac004,2024-01-08,2024-02-08,153400,OVERDUE,2024-01-08T08:03:00Z,system,2024-01-08T08:03:00Z,system
inv550e8400-e29b-41d4-a716-446655440005,Invoice 05,ac005,2024-01-09,2024-02-09,165200,SENT,2024-01-09T08:04:00Z,system,2024-01-09T08:04:00Z,system
inv550e8400-e29b-41d4-a716-446655440006,Invoice 06,ac006,2024-01-10,2024-02-10,177000,DRAFT,2024-01-10T08:05:00Z,system,2024-01-10T08:05:00Z,system
inv550e8400-e29b-41d4-a716-446655440007,Invoice 07,ac007,2024-01-11,2024-02-11,188800,PAID,2024-01-11T08:06:00Z,system,2024-01-11T08:06:00Z,system
inv550e8400-e29b-41d4-a716-446655440008,Invoice 08,ac008,2024-01-12,2024-02-12,200600,OVERDUE,2024-01-12T08:07:00Z,system,2024-01-12T08:07:00Z,system
inv550e8400-e29b-41d4-a716-446655440009,Invoice 09,ac009,2024-01-13,2024-02-13,212400,SENT,2024-01-13T08:08:00Z,system,2024-01-13T08:08:00Z,system
inv550e8400-e29b-41d4-a716-446655440010,Invoice 10,ac010,2024-01-14,2024-02-14,224200,DRAFT,2024-01-14T08:09:00Z,system,2024-01-14T08:09:00Z,system
inv550e8400-e29b-41d4-a716-446655440011,Invoice 11,ac011,2024-01-15,2024-02-15,236000,PAID,2024-01-15T08:10:00Z,system,2024-01-15T08:10:00Z,system
inv550e8400-e29b-41d4-a716-446655440012,Invoice 12,ac012,2024-01-16,2024-02-16,247800,OVERDUE,2024-01-16T08:11:00Z,system,2024-01-16T08:11:00Z,system
inv550e8400-e29b-41d4-a716-446655440013,Invoice 13,ac013,2024-01-17,2024-02-17,259600,SENT,2024-01-17T08:12:00Z,system,2024-01-17T08:12:00Z,system
inv550e8400-e29b-41d4-a716-446655440014,Invoice 14,ac014,2024-01-18,2024-02-18,271400,DRAFT,2024-01-18T08:13:00Z,system,2024-01-18T08:13:00Z,system
inv550e8400-e29b-41d4-a716-446655440015,Invoice 15,ac015,2024-01-19,2024-02-19,283200,PAID,2024-01-19T08:14:00Z,system,2024-01-19T08:14:00Z,system
inv550e8400-e29b-41d4-a716-446655440016,Invoice 16,ac016,2024-01-20,2024-02-20,295000,OVERDUE,2024-01-20T08:15:00Z,system,2024-01-20T08:15:00Z,system
inv550e8400-e29b-41d4-a716-446655440017,Invoice 17,ac017,2024-01-21,2024-02-21,306800,SENT,2024-01-21T08:16:00Z,system,2024-01-21T08:16:00Z,system
inv550e8400-e29b-41d4-a716-446655440018,Invoice 18,ac018,2024-01-22,2024-02-22,318600,DRAFT,2024-01-22T08:17:00Z,system,2024-01-22T08:17:00Z,system
inv550e8400-e29b-41d4-a716-446655440019,Invoice 19,ac019,2024-01-23,2024-02-23,330400,PAID,2024-01-23T08:18:00Z,system,2024-01-23T08:18:00Z,system
inv550e8400-e29b-41d4-a716-446655440020,Invoice 20,ac020,2024-01-24,2024-02-24,342200,OVERDUE,2024-01-24T08:19:00Z,system,2024-01-24T08:19:00Z,system
inv550e8400-e29b-41d4-a716-446655440021,Invoice 21,ac021,2024-01-25,2024-02-25,354000,SENT,2024-01-25T08:20:00Z,system,2024-01-25T08:20:00Z,system
inv550e8400-e29b-41d4-a716-446655440022,Invoice 22,ac022,2024-01-26,2024-02-26,365800,DRAFT,2024-01-26T08:21:00Z,system,2024-01-26T08:21:00Z,system
inv550e8400-e29b-41d4-a716-446655440023,Invoice 23,ac023,2024-01-27,2024-02-27,377600,PAID,2024-01-27T08:22:00Z,system,2024-01-27T08:22:00Z,system
inv550e8400-e29b-41d4-a716-446655440024,Invoice 24,ac024,2024-01-28,2024-02-28,389400,OVERDUE,2024-01-28T08:23:00Z,system,2024-01-28T08:23:00Z,system
inv550e8400-e29b-41d4-a716-446655440025,Invoice 25,ac025,2024-01-29,2024-02-29,401200,SENT,2024-01-29T08:24:00Z,system,2024-01-29T08:24:00Z,system
inv550e8400-e29b-41d4-a716-446655440026,Invoice 26,ac026,2024-01-30,2024-03-01,407100,DRAFT,2024-01-30T08:25:00Z,system,2024-01-30T08:25:00Z,system
inv550e8400-e29b-41d4-a716-446655440027,Invoice 27,ac027,2024-01-31,2024-03-02,412000,PAID,2024-01-31T08:26:00Z,system,2024-01-31T08:26:00Z,system
inv550e8400-e29b-41d4-a716-446655440028,Invoice 28,ac028,2024-02-01,2024-03-03,418500,OVERDUE,2024-02-01T08:27:00Z,system,2024-02-01T08:27:00Z,system
inv550e8400-e29b-41d4-a716-446655440029,Invoice 29,ac029,2024-02-02,2024-03-04,425000,SENT,2024-02-02T08:28:00Z,system,2024-02-02T08:28:00Z,system
inv550e8400-e29b-41d4-a716-446655440030,Invoice 30,ac030,2024-02-03,2024-03-05,431500,DRAFT,2024-02-03T08:29:00Z,system,2024-02-03T08:29:00Z,system
inv550e8400-e29b-41d4-a716-446655440031,Invoice 31,ac031,2024-02-04,2024-03-06,438000,PAID,2024-02-04T08:30:00Z,system,2024-02-04T08:30:00Z,system
inv550e8400-e29b-41d4-a716-446655440032,Invoice 32,ac032,2024-02-05,2024-03-07,444500,OVERDUE,2024-02-05T08:31:00Z,system,2024-02-05T08:31:00Z,system
inv550e8400-e29b-41d4-a716-446655440033,Invoice 33,ac033,2024-02-06,2024-03-08,451000,SENT,2024-02-06T08:32:00Z,system,2024-02-06T08:32:00Z,system
inv550e8400-e29b-41d4-a716-446655440034,Invoice 34,ac034,2024-02-07,2024-03-09,457500,DRAFT,2024-02-07T08:33:00Z,system,2024-02-07T08:33:00Z,system
inv550e8400-e29b-41d4-a716-446655440035,Invoice 35,ac035,2024-02-08,2024-03-10,464000,PAID,2024-02-08T08:34:00Z,system,2024-02-08T08:34:00Z,system
inv550e8400-e29b-41d4-a716-446655440036,Invoice 36,ac036,2024-02-09,2024-03-11,470500,OVERDUE,2024-02-09T08:35:00Z,system,2024-02-09T08:35:00Z,system
inv550e8400-e29b-41d4-a716-446655440037,Invoice 37,ac037,2024-02-10,2024-03-12,477000,SENT,2024-02-10T08:36:00Z,system,2024-02-10T08:36:00Z,system
inv550e8400-e29b-41d4-a716-446655440038,Invoice 38,ac038,2024-02-11,2024-03-13,483500,DRAFT,2024-02-11T08:37:00Z,system,2024-02-11T08:37:00Z,system
inv550e8400-e29b-41d4-a716-446655440039,Invoice 39,ac039,2024-02-12,2024-03-14,490000,PAID,2024-02-12T08:38:00Z,system,2024-02-12T08:38:00Z,system
inv550e8400-e29b-41d4-a716-446655440040,Invoice 40,ac040,2024-02-13,2024-03-15,496500,OVERDUE,2024-02-13T08:39:00Z,system,2024-02-13T08:39:00Z,system
inv550e8400-e29b-41d4-a716-446655440041,Invoice 41,ac041,2024-02-14,2024-03-16,503000,SENT,2024-02-14T08:40:00Z,system,2024-02-14T08:40:00Z,system
inv550e8400-e29b-41d4-a716-446655440042,Invoice 42,ac042,2024-02-15,2024-03-17,509500,DRAFT,2024-02-15T08:41:00Z,system,2024-02-15T08:41:00Z,system
inv550e8400-e29b-41d4-a716-446655440043,Invoice 43,ac043,2024-02-16,2024-03-18,516000,PAID,2024-02-16T08:42:00Z,system,2024-02-16T08:42:00Z,system
inv550e8400-e29b-41d4-a716-446655440044,Invoice 44,ac044,2024-02-17,2024-03-19,522500,OVERDUE,2024-02-17T08:43:00Z,system,2024-02-17T08:43:00Z,system
inv550e8400-e29b-41d4-a716-446655440045,Invoice 45,ac045,2024-02-18,2024-03-20,529000,SENT,2024-02-18T08:44:00Z,system,2024-02-18T08:44:00Z,system
inv550e8400-e29b-41d4-a716-446655440046,Invoice 46,ac046,2024-02-19,2024-03-21,535500,DRAFT,2024-02-19T08:45:00Z,system,2024-02-19T08:45:00Z,system
inv550e8400-e29b-41d4-a716-446655440047,Invoice 47,ac047,2024-02-20,2024-03-22,542000,PAID,2024-02-20T08:46:00Z,system,2024-02-20T08:46:00Z,system
inv550e8400-e29b-41d4-a716-446655440048,Invoice 48,ac048,2024-02-21,2024-03-23,548500,OVERDUE,2024-02-21T08:47:00Z,system,2024-02-21T08:47:00Z,system
inv550e8400-e29b-41d4-a716-446655440049,Invoice 49,ac049,2024-02-22,2024-03-24,555000,SENT,2024-02-22T08:48:00Z,system,2024-02-22T08:48:00Z,system
inv550e8400-e29b-41d4-a716-446655440050,Invoice 50,ac050,2024-02-23,2024-03-25,561500,DRAFT,2024-02-23T08:49:00Z,system,2024-02-23T08:49:00Z,system
